,Forecast,Lower_CI,Upper_CI
2026-06-30,379.1797348676723,326.5185980655022,431.84087166984244
2026-07-01,378.2025971771777,325.5414603750076,430.86373397934784
2026-07-02,377.0239415436747,324.3628047415046,429.68507834584483
2026-07-03,375.74218814681353,323.0810513446434,428.40332494898365
2026-07-06,374.4120360777092,321.7508992755391,427.07317287987934
2026-07-07,373.0657272526342,320.40459045046407,425.7268640548043
2026-07-08,371.7224731761031,319.061336373933,424.3836099782732
2026-07-09,370.39375302037877,317.73261621820865,423.0548898225489
2026-07-10,369.08615358700905,316.42501678483893,421.74729038917917
2026-07-13,367.8033739855589,315.1422371833888,420.464510787729
2026-07-14,366.54753822087525,313.88640141870513,419.2086750230454
2026-07-15,365.3192906539791,312.658153851809,417.98042745614924
2026-07-16,364.1188222066545,311.4576854044844,416.7799590088246
2026-07-17,362.9458942266714,310.28475742450127,415.6070310288415
2026-07-20,361.7998384877858,309.1387016856157,414.4609752899559
2026-07-21,360.68012995509173,308.0189931529216,413.34126675726185
2026-07-22,359.5857901544462,306.9246533522761,412.24692695661633
2026-07-23,358.51617472482826,305.85503792265814,411.1773115269984
2026-07-24,357.4704483834329,304.80931158126276,410.131585185603
2026-07-27,356.4478235779011,303.78668677573097,409.1089603800712
2026-07-28,355.4474650254279,302.7863282232578,408.108601827598
2026-07-29,354.46868063454633,301.8075438323762,407.12981743671645
2026-07-30,353.5107305833434,300.84959378117327,406.1718673855135
2026-07-31,352.5730182412441,299.91188143907397,405.2341550434142
2026-08-03,351.65477992111244,298.9936431189423,404.31591672328256
2026-08-04,350.75534739670445,298.09421059453433,403.41648419887457
2026-08-05,349.87414790266814,297.213011100498,402.53528470483826
2026-08-06,349.0105609432055,296.3494241410354,401.67169774537564
2026-08-07,348.1642285399716,295.50309173780147,400.8253653421417
2026-08-10,347.33445860149936,294.67332179932924,399.9955954036695
2026-08-11,346.52079768855185,293.85966088638173,399.18193449072197
2026-08-12,345.72288782278406,293.06175102061394,398.3840246249542
2026-08-13,344.940156238844,292.2790194366739,397.6012930410141
2026-08-14,344.1721256322717,291.51098883010155,396.8332624344418
2026-08-17,343.4182709681611,290.757134165991,396.0794077703312
2026-08-18,342.6782819986133,290.01714519644315,395.3394188007834
2026-08-19,341.9517052843912,289.2905684822211,394.61284208656133
2026-08-20,341.2381351167039,288.5769983145338,393.89927191887404
2026-08-21,340.5372851128754,287.8761483107053,393.1984219150455
2026-08-24,339.84874956411466,287.18761276194454,392.5098863662848
2026-08-25,339.1722898181917,286.5111530160216,391.8334266203618
2026-08-26,338.50761949243054,285.8464826902604,391.16875629460066
2026-08-27,337.85423741714817,285.19310061497805,390.5153742193183
2026-08-28,337.2119288053376,284.5507920031675,389.8730656075077
2026-08-31,336.58043113954585,283.91929433737573,389.24156794171597
2026-09-01,335.9595296327659,283.2983928305958,388.620666434936
2026-09-02,335.3487708457608,282.68763404359066,388.0099076479309
2026-09-03,334.7480354524155,282.08689865024536,387.4091722545856
2026-09-04,334.157037070054,281.4959002678839,386.8181738722241
2026-09-07,333.57544158555436,280.91430478338424,386.2365783877245
2026-09-08,333.00298648146355,280.34184967929343,385.66412328363367
2026-09-09,332.4395285664436,279.77839176427347,385.1006653686137
2026-09-10,331.88487691871046,279.22374011654034,384.5460137208806
2026-09-11,331.3388406164802,278.67770381431006,383.9999774186503
2026-09-14,330.80115714229976,278.14002034012964,383.4622939444699
2026-09-15,330.2715878439392,277.61045104176907,382.9327246461093
2026-09-16,329.75018045184447,277.08904364967435,382.4113172540146
2026-09-17,329.2365053920016,276.5753685898315,381.89764219417174
2026-09-18,328.73041947307263,276.0692826709025,381.39155627524275
2026-09-21,328.2317556384965,275.5706188363264,380.8928924406666
2026-09-22,327.74020364037426,275.07906683820414,380.4013404425444
2026-09-23,327.2558828048209,274.59474600265077,379.917019606991
2026-09-24,326.7785783448294,274.11744154265926,379.4397151469995
2026-09-25,326.30800387772376,273.64686707555364,378.9691406798939
2026-09-28,325.844063942612,273.1829271404419,378.50520074478214
2026-09-29,325.38663921337917,272.72550241120905,378.0477760155493
2026-09-30,324.9355864986872,272.2744496965171,377.5967233008573
2026-10-01,324.4906910115291,271.829554209359,377.15182781369924
2026-10-02,324.05192888668194,271.3907920845118,376.71306568885205
2026-10-05,323.61913306758464,270.9579962654145,376.28026986975476
2026-10-06,323.19216036289924,270.5310235607291,375.85329716506936
2026-10-07,322.77089144651075,270.1097546443406,375.43202824868087
2026-10-08,322.35525472275015,269.69411792058,375.01639152492027
2026-10-09,321.94505926983345,269.28392246766333,374.60619607200357
2026-10-12,321.54028122253766,268.87914442036754,374.2014180247078
2026-10-13,321.1407057938558,268.47956899168565,373.8018425960259
2026-10-14,320.7463329837878,268.0851961816177,373.4074697859579
2026-10-15,320.3570196009957,267.6958827988256,373.01815640316585
2026-10-16,319.97264631936457,267.31150951719445,372.6337831215347
2026-10-19,319.59314154322533,266.9320047410552,372.25427834539545
2026-10-20,319.218433676909,266.5572968747389,371.8795704790791
2026-10-21,318.8483317986316,266.18719499646147,371.5094686008017
2026-10-22,318.4828836388391,265.821746836669,371.1440204410092
2026-10-23,318.1218982757475,265.4607614735774,370.78303507791765
2026-10-26,317.7653279789109,265.10419117674076,370.426464781081
2026-10-27,317.41310115266015,264.75196435049,370.07423795483027
2026-10-28,317.06514620132634,264.4040093991562,369.72628300349646
2026-10-29,316.72134379879446,264.06020699662434,369.3824806009646
2026-10-30,316.3816462146185,263.7205094124484,369.04278301678863
2026-11-02,316.0459579879065,263.38482118573637,368.7070947900766
2026-11-03,315.7142313882124,263.0530945860423,368.3753681903825
2026-11-04,315.38639481986723,262.7252580176971,368.04753162203735
2026-11-05,315.062376687202,262.4012398850319,367.7235134893721
2026-11-06,314.7420576641017,262.0809208619316,367.4031944662718
2026-11-09,314.42546161578935,261.7643248136192,367.08659841795946
2026-11-10,314.1124453509269,261.4513085487568,366.77358215309704
2026-11-11,313.8030327347374,261.1418959325673,366.46416953690755
2026-11-12,313.4971044411059,260.83596763893576,366.158241243276
2026-11-13,313.19458887436326,260.53345207219314,365.8557256765334
2026-11-16,312.8954621692866,260.23432536711647,365.5565989714567
2026-11-17,312.59958113453786,259.93844433236774,365.260717936708
2026-11-18,312.30704123100907,259.64590442883895,364.9681780331792
2026-11-19,312.0176992673622,259.3565624651921,364.67883606953234
2026-11-20,311.7314836479283,259.0703468457582,364.39262045009843
2026-11-23,311.44841823793035,258.78728143576024,364.1095550401005
2026-11-24,311.16833598080734,258.5071991786372,363.82947278297746
2026-11-25,310.8913084722283,258.23017167005816,363.5524452743984
2026-11-26,310.61724025130115,257.95610344913104,363.2783770534713
2026-11-27,310.346035857134,257.68489905496386,363.0071726593041
2026-11-30,310.07774302017276,257.41660621800264,362.7388798223429
2026-12-01,309.8122185490795,257.15108174690937,362.4733553512496
2026-12-02,309.54951017430017,256.88837337213005,362.2106469764703
2026-12-03,309.2894747044968,256.6283379023267,361.9506115066669
2026-12-04,309.0322076005614,256.37107079839126,361.6933444027315
2026-12-07,308.7775179407099,256.1163811385398,361.43865474288003
2026-12-08,308.5254534553884,255.86431665321828,361.1865902575585
2026-12-09,308.27594254892784,255.61480574675772,360.93707935109796
2026-12-10,308.02896135610524,255.36782455393512,360.69009815827536
2026-12-11,307.7844860116976,255.12334920952748,360.4456228138677
2026-12-14,307.5424449200359,254.88130811786579,360.203581722206
2026-12-15,307.3027903506742,254.64165354850405,359.9639271528443
2026-12-16,307.0655700340584,254.40443323188828,359.7267068362285
2026-12-17,306.8306407788506,254.16950397668046,359.4917775810207
2026-12-18,306.5980503154967,253.9369135133266,359.25918711766684
2026-12-21,306.3677031831048,253.7065663809347,359.02883998527494
2026-12-22,306.1396471121209,253.47851030995076,358.800783914291
2026-12-23,305.9137866416529,253.25264983948279,358.574923443823
2026-12-24,305.6900740412549,253.02893723908477,358.351210843425
2026-12-25,305.46850931092683,252.8073725087567,358.12964611309695
2026-12-28,305.24909245066874,252.58795564849862,357.91022925283886
2026-12-29,305.0317518648116,252.3706150626415,357.69288866698173
2026-12-30,304.81643982290944,252.15530302073932,357.47757662507956
2026-12-31,304.60320405540824,251.94206725323812,357.26434085757836
2027-01-01,304.39190137097,251.73076456879988,357.0530381731401
2027-01-04,304.18265109570973,251.5215142935396,356.84378789787985
2027-01-05,303.9753100382894,251.3141732361193,356.63644684045954
2027-01-06,303.7698781987091,251.10874139653896,356.4310150008792
2027-01-07,303.5663317117457,250.90519490957558,356.2274685139158
2027-01-08,303.3646705773993,250.70353377522918,356.0258073795694
2027-01-11,303.16484706522385,250.50371026305373,355.825983867394
2027-01-12,302.9668373099964,250.30570050782626,355.6279741121665
2027-01-13,302.7706413117169,250.10950450954675,355.431778113887
2027-01-14,302.57618747471633,249.91505067254622,355.23732427688645
2027-01-15,302.38349966421777,249.72236286204765,355.0446364663879
2027-01-18,302.19250628455217,249.53136948238205,354.8536430867223
2027-01-19,302.00323120094254,249.34209439877242,354.66436800311266
2027-01-20,301.8156505481659,249.15451374599576,354.476787350336
2027-01-21,301.6296927305532,248.96855592838307,354.2908295327233
2027-01-22,301.44540547855047,248.78426867638035,354.1065422807206
2027-01-25,301.2627171964887,248.6015803943186,353.92385399865884
2027-01-26,301.08162788436795,248.42049108219783,353.74276468653807
2027-01-27,300.90208981174214,248.24095300957202,353.56322661391226
2027-01-28,300.7241268438343,248.0629900416642,353.38526364600443
2027-01-29,300.54771511542145,247.88657831325133,353.2088519175916
2027-02-01,300.37280689605757,247.71167009388745,353.0339436982277
2027-02-02,300.19935445529666,247.53821765312654,352.8604912574668
2027-02-03,300.0274293888077,247.3662925866376,352.68856619097784
2027-02-04,299.85693623569875,247.19579943352863,352.5180730378689
2027-02-05,299.68789886119276,247.02676205902264,352.3490356633629
2027-02-08,299.52026953484375,246.85913273267363,352.18140633701387
2027-02-09,299.3540959870977,246.6929591849276,352.0152327892678
2027-02-10,299.18925889183964,246.52812208966952,351.85039569400976
2027-02-11,299.02580597951555,246.36466917734543,351.6869427816857
2027-02-12,298.86371338490244,246.20257658273232,351.52485018707256
2027-02-15,298.7029572427773,246.04182044060718,351.3640940449474
2027-02-16,298.54353755314014,245.88240075097002,351.20467435531026
2027-02-17,298.38540658554496,245.72426978337484,351.0465433877151
2027-02-18,298.22861207043775,245.56747526826763,350.88974887260787
2027-02-19,298.0730346817035,245.4118978795334,350.73417148387364
2027-02-22,297.91874601501127,245.25760921284115,350.5798828171814
2027-02-23,297.765746070361,245.10460926819087,350.4268828725311
2027-02-24,297.6139393868607,244.95280258469057,350.2750761890308
2027-02-25,297.4633498297334,244.80221302756325,350.1244866319035
2027-02-26,297.31395353375603,244.65281673158592,349.97509033592615
2027-03-01,297.1657982293747,244.50466142720455,349.8269350315448
2027-03-02,297.0187884556973,244.35765165352717,349.6799252578674
2027-03-03,296.8729480779469,244.21181127577677,349.534084880117
2027-03-04,296.72825323090046,244.06711642873034,349.3893900330706
2027-03-05,296.584727779781,243.9235909776109,349.24586458195114
2027-03-08,296.44230012891956,243.78116332674944,349.1034369310897
2027-03-09,296.3009702783161,243.63983347614595,348.9621070804862
2027-03-10,296.16078595841657,243.49964915624645,348.8219227605867
2027-03-11,296.02165170832905,243.36051490615893,348.68278851049917
2027-03-12,295.8836152584995,243.22247845632938,348.5447520606696
2027-03-15,295.74662887848194,243.08549207631182,348.40776568065206
2027-03-16,295.61071643349936,242.94957963132924,348.2718532356695
2027-03-17,295.47585405832876,242.81471725615864,348.1369908604989
2027-03-18,295.34201788774715,242.68088108557703,348.00315468991727
2027-03-19,295.2091840565315,242.5480472543614,347.87032085870163
2027-03-22,295.07735256468186,242.41621576251174,347.738489366852
2027-03-23,294.9465234121982,242.28538661002807,347.6076602143683
2027-03-24,294.8166965990805,242.15555979691038,347.4778334012506
2027-03-25,294.6878243948828,242.02668759271268,347.3489611970529
2027-03-26,294.5599545300511,241.89881772788095,347.2210913322212
2027-03-29,294.43303927413933,241.7719024719692,347.09417607630945
2027-03-30,294.3070308967016,241.64589409453146,346.9681676988717
2027-03-31,294.1819771281838,241.52084032601368,346.8431139303539
2027-04-01,294.057877968586,241.3967411664159,346.71901477075613
2027-04-02,293.9346618222392,241.2735250200691,346.5957986244093
2027-04-05,293.8123525543664,241.15121575219626,346.4734893565365
2027-04-06,293.69097403019055,241.02983722802043,346.35211083236067
2027-04-07,293.5704546540427,240.90931785187257,346.2315914562128
2027-04-08,293.4508421563688,240.7897053541987,346.11197895853894
2027-04-09,293.33208880672294,240.67095200455282,345.99322560889306
2027-04-12,293.21417073988204,240.55303393771192,345.87530754205216
2027-04-13,293.0971595515151,240.436022749345,345.75829635368524
2027-04-14,292.9809359155072,240.31979911333707,345.6420727176773
2027-04-15,292.86557142752724,240.20443462535712,345.52670822969736
2027-04-16,292.7510422223523,240.08990542018216,345.4121790245224
2027-04-19,292.6373244347593,239.9761876325892,345.2984612369294
2027-04-20,292.5244419299713,239.8633051278012,345.18557873214144
2027-04-21,292.4123231123193,239.7511863101492,345.07345991448943
2027-04-22,292.3010157122493,239.63987891007918,344.9621525144194
2027-04-23,292.19051972976126,239.52938292759114,344.8516565319314
2027-04-26,292.0807635691862,239.4196267670161,344.74190037135634
2027-04-27,291.97181882619316,239.31068202402304,344.6329556283633
2027-04-28,291.8636139051131,239.20247710294296,344.5247507072832
2027-04-29,291.756172671169,239.09503586899888,344.4173094733391
2027-04-30,291.6494951243609,238.98835832219078,344.310631926531
2027-05-03,291.5435335342428,238.88239673207266,344.2046703364129
2027-05-04,291.43831176603766,238.77717496386754,344.0994485682078
2027-05-05,291.3338536849685,238.6727168827984,343.99499048713864
2027-05-06,291.23008769536636,238.56895089319625,343.8912244975365
2027-05-07,291.1270376624542,238.46590086028408,343.7881744646243
2027-05-10,291.024703586232,238.3635667840619,343.68584038840214
2027-05-11,290.92308546669983,238.2619486645297,343.58422226886995
2027-05-12,290.82213557341163,238.1609987712415,343.48327237558175
2027-05-13,290.7219016368134,238.0607648346433,343.38303843898353
2027-05-14,290.6223359264592,237.96119912428907,343.2834727286293
2027-05-17,290.52343844234895,237.86230164017883,343.18457524451907
2027-05-18,290.4252091844827,237.76407238231258,343.0863459866528
2027-05-19,290.32764815286043,237.6665113506903,342.98878495503055
2027-05-20,290.23075534748216,237.56961854531204,342.8918921496523
2027-05-21,290.1344830379019,237.47334623573175,342.795619840072
2027-05-24,290.0389266850116,237.37778988284145,342.7000634871817
2027-05-25,289.94391923225027,237.28278243008015,342.6050560344204
2027-05-26,289.84962773617895,237.18849093400883,342.51076453834906
2027-05-27,289.7559328706826,237.0947960685125,342.41706967285273
2027-05-28,289.6628107705383,237.00167396836815,342.3239475727084
2027-05-31,289.5703568966379,236.9092200944678,342.23149369880804
2027-06-01,289.47852351853555,236.81738671636543,342.1396603207057
2027-06-02,289.3872629057852,236.72612610361506,342.0483997079553
2027-06-03,289.2966227888328,236.63548598666267,341.9577595910029
2027-06-04,289.2065554372324,236.54541863506228,341.8676922394025
2027-06-07,289.11710858143,236.45597177925987,341.7782453836001
2027-06-08,289.02823449097957,236.36709768880945,341.6893712931497
2027-06-09,288.93990930065814,236.27877249848802,341.60104610282826
2027-06-10,288.8522046061347,236.1910678039646,341.5133414083048
2027-06-11,288.76504881174026,236.10391200957014,341.4261856139104
2027-06-14,288.6784657826978,236.01732898052768,341.3396025848679
2027-06-15,288.59243165378433,235.9312948516142,341.25356845595445
2027-06-16,288.50694642499985,235.84580962282973,341.16808322717
