Date,Optimized Strategy Portfolio,60/40 Benchmark Portfolio
2025-01-03,10382.970932143711,10070.014675194507
2025-01-06,10414.501342869178,10100.898179328655
2025-01-07,10186.896902348199,10018.317141969455
2025-01-08,10201.255197671877,10031.579758219748
2025-01-10,10121.155469338713,9918.952931299074
2025-01-13,10214.579129526706,9924.281100411825
2025-01-14,10151.531750126933,9935.264894490874
2025-01-15,10573.171567301888,10075.50395736274
2025-01-16,10424.852414646455,10071.737413115607
2025-01-17,10600.117254205843,10133.52884173601
2025-01-21,10624.221009350265,10201.014294066006
2025-01-22,10557.951323887617,10226.938378900402
2025-01-23,10553.6484602299,10254.181415737145
2025-01-24,10483.451225718085,10244.207691882357
2025-01-27,10327.713751446998,10178.876963567283
2025-01-28,10376.527761095382,10229.10449903428
2025-01-29,10260.961072770206,10199.329388462624
2025-01-30,10405.762191385138,10237.81532803186
2025-01-31,10423.566418949767,10199.469463893542
2025-02-03,10177.786829384022,10161.964346467254
2025-02-04,10301.095392766729,10208.499140694
2025-02-05,10180.259858469402,10254.238108620517
2025-02-06,10153.003435742074,10271.105477581996
2025-02-07,9968.735347879012,10202.238503069608
2025-02-10,9879.493053502258,10244.938297309238
2025-02-11,9629.9040774677,10242.817058393804
2025-02-12,9702.432211012341,10202.0347744768
2025-02-13,9981.282847948327,10291.075480515821
2025-02-14,9984.662934665565,10303.866157882258
2025-02-18,9972.821704818914,10306.673725972552
2025-02-19,10058.081390010057,10326.941581275498
2025-02-20,9972.352830557435,10306.301205060076
2025-02-21,9715.324189131126,10218.742888072538
2025-02-24,9613.758299637806,10196.459757378296
2025-02-25,9278.687953784685,10191.781936342728
2025-02-26,9135.760304706226,10200.983697013877
2025-02-27,8957.211354650677,10098.286135092618
2025-02-28,9165.920234792076,10209.91125905224
2025-03-03,8992.541467085433,10111.98292037142
2025-03-04,8781.410527543809,10028.62781984699
2025-03-05,8910.339181761035,10079.089318326854
2025-03-06,8638.179733519706,9968.433085190567
2025-03-07,8648.28441476501,9997.592006975197
2025-03-10,8016.992195146535,9856.441279388999
2025-03-11,8104.06933185355,9792.229004631201
2025-03-12,8367.05883047046,9815.364247966754
2025-03-13,8220.657642595068,9748.70535842286
2025-03-14,8421.062214368345,9859.92821083856
2025-03-17,8290.689206025058,9910.954651783853
2025-03-18,8074.740134515492,9851.022044639354
2025-03-19,8269.163388137553,9927.248077407485
2025-03-20,8264.486668541495,9911.647883718873
2025-03-21,8438.869838779869,9910.367331127472
2025-03-24,8904.143244958112,9999.555394997293
2025-03-25,9040.125346244475,10018.908228424873
2025-03-26,8786.757294236659,9938.37019461946
2025-03-27,8789.502954205445,9920.899022493246
2025-03-28,8594.094366304855,9823.887122018057
2025-03-31,8565.04575892932,9870.422757859995
2025-04-01,8702.877566981333,9899.554498936353
2025-04-02,8911.989370918556,9933.906032505389
2025-04-03,8526.083252780481,9660.754464132844
2025-04-04,7947.115858206608,9324.556102908915
2025-04-07,7844.823133659954,9269.622408574594
2025-04-08,7628.981224418337,9161.157246376613
2025-04-09,8684.575431138353,9747.006862051772
2025-04-10,8250.208362561616,9459.629663087968
2025-04-11,8313.869418315266,9556.704088858447
2025-04-14,8357.758612453437,9634.094559877452
2025-04-15,8373.62302712943,9627.48031449074
2025-04-16,8127.736573019304,9509.687265713741
2025-04-17,8127.820849993336,9509.469531727953
2025-04-21,7847.195908035558,9352.71631014282
2025-04-22,8085.615117157677,9505.4500512077
2025-04-23,8318.033778829225,9601.704113867234
2025-04-24,8520.216902289852,9744.678413108435
2025-04-25,8886.188830864354,9799.749290315258
2025-04-28,8902.557684792837,9811.633266783678
2025-04-29,9007.824051764235,9858.882522035534
2025-04-30,8886.700008408576,9858.548540240234
2025-05-01,8890.63210673147,9889.487579381677
2025-05-02,9028.225985621826,9958.077317523457
2025-05-05,8915.644044641856,9918.337269648435
2025-05-06,8822.542673456666,9877.339540433673
2025-05-07,8852.900586509846,9909.864538072656
2025-05-08,8983.771864564524,9930.087704820038
2025-05-09,9149.270428764139,9925.784224780396
2025-05-12,9527.443892623298,10108.918613161148
2025-05-13,9742.935278110648,10147.297989332767
2025-05-14,9902.216155873843,10141.04188316294
2025-05-15,9876.615590280911,10192.72059884723
2025-05-16,9988.262093749845,10234.271333996805
2025-05-19,9902.654780430372,10239.859022309682
2025-05-20,9904.999247548561,10211.85246903023
2025-05-21,9714.592493472552,10083.192941344816
2025-05-22,9794.888486458622,10096.805115510728
2025-05-23,9747.474807416324,10061.616227492063
2025-05-27,10116.10502942162,10206.083434954178
2025-05-28,10019.588668710781,10161.64915593138
2025-05-29,10059.92777923067,10200.31971392825
2025-05-30,9923.350501970575,10201.339730126983
2025-06-02,9901.98895893641,10226.815574229187
2025-06-03,9943.97948501414,10257.285797936258
2025-06-04,9810.83763651631,10281.173749867263
2025-06-05,9227.023671404184,10243.445707119232
2025-06-06,9397.53440650862,10284.550867537942
2025-06-09,9574.631147028445,10296.377132137677
2025-06-10,9819.123102779464,10339.378061750298
2025-06-11,9815.252169172834,10334.812286422637
2025-06-12,9750.195646299338,10374.812172247845
2025-06-13,9771.66534896072,10290.426872851023
2025-06-16,9856.539222486,10341.244726410469
2025-06-17,9670.194751394976,10301.336277541628
2025-06-18,9739.992443538198,10302.66889623899
2025-06-20,9731.994248177178,10290.980447105892
2025-06-23,10099.270843367063,10362.136375236816
2025-06-24,10058.880276989375,10443.302072907054
2025-06-25,9909.104248272559,10447.95302029123
2025-06-26,9926.791283082319,10508.970469469086
2025-06-27,9919.297600227374,10530.57660329263
2025-06-30,9873.291376169349,10577.442608509602
2025-07-01,9659.972511998205,10572.21722021899
2025-07-02,9870.032929929515,10596.362378408412
2025-07-03,9897.608806733218,10636.055712412553
2025-07-07,9590.712596035679,10574.527875108504
2025-07-08,9638.028972225116,10568.73011783183
2025-07-09,9644.774259878675,10623.597524599018
2025-07-10,9839.585645610287,10642.153963230745
2025-07-11,9864.158000848009,10602.237862447455
2025-07-14,9915.050759366146,10613.794745899893
2025-07-15,9814.857514687423,10573.748879859808
2025-07-16,9969.993640004468,10603.119097185398
2025-07-17,9969.801472240442,10643.217070931654
2025-07-18,10096.792891674655,10645.564821751852
2025-07-21,10095.522002369136,10669.95092399479
2025-07-22,10143.120998035063,10677.87771546213
2025-07-23,10184.29174232966,10723.628630304034
2025-07-24,9849.96172940704,10720.471038463258
2025-07-25,10011.154861700292,10758.227008309745
2025-07-28,10128.263502835172,10749.542861677763
2025-07-29,10069.486590460148,10754.915011839938
2025-07-30,10032.74243673901,10735.648118786554
2025-07-31,9880.500214908277,10712.07195674819
2025-08-01,9748.116632259951,10643.844919361349
2025-08-04,9901.17192756267,10743.80831828909
2025-08-05,9872.232705055041,10712.876073466869
2025-08-06,10048.148969643102,10758.620500162033
2025-08-07,10073.35778827803,10751.460340387848
2025-08-08,10197.650508912255,10792.409029154061
2025-08-11,10305.644482576216,10782.543765753733
2025-08-12,10377.193395197393,10852.0060879641
2025-08-13,10381.076644196883,10890.245007332654
2025-08-14,10330.541540045986,10878.449125909854
2025-08-15,10255.695516026373,10857.251349205739
2025-08-18,10310.060554441694,10851.101659984719
2025-08-19,10215.818649592347,10824.063377718196
2025-08-20,10137.474384443483,10809.752947874893
2025-08-21,10067.963804309707,10773.151891783418
2025-08-22,10395.468931243031,10894.146492459182
2025-08-25,10453.318892878804,10859.470817792138
2025-08-26,10536.052329224802,10892.059363826376
2025-08-27,10523.507505493313,10911.087200573562
2025-08-28,10498.574275935429,10939.594298172868
2025-08-29,10321.45110164103,10895.119734949896
2025-09-02,10227.917378246491,10837.376700660941
2025-09-03,10316.591322695615,10886.790968397956
2025-09-04,10416.075321323595,10957.939564087717
2025-09-05,10561.360871623083,10959.65133169492
2025-09-08,10524.650543955013,10989.972123075717
2025-09-09,10539.51884749746,10996.955868091944
2025-09-10,10565.914667596078,11023.719922740853
2025-09-11,10864.226067768308,11088.157496365497
2025-09-12,11180.254095172348,11080.582037624734
2025-09-15,11369.40203476191,11124.299329672529
2025-09-16,11490.975075854943,11115.705527292557
2025-09-17,11527.72905442783,11099.68287467292
2025-09-18,11449.959816437919,11119.491697758023
2025-09-19,11577.427564573945,11154.328564658012
2025-09-22,11687.23746515635,11177.600589008383
2025-09-23,11572.094766281267,11150.120843944966
2025-09-24,11736.11468440387,11119.848398167704
2025-09-25,11504.128858391374,11084.27664681601
2025-09-26,11718.616055683637,11122.377966030417
2025-09-29,11767.799326165134,11152.524505529987
2025-09-30,11803.024952216432,11175.93075726208
2025-10-01,11982.025091542992,11210.057840068592
2025-10-02,11745.401593163115,11222.63078519298
2025-10-03,11676.660528674596,11217.101702115142
2025-10-06,11945.939761447535,11230.972740877605
2025-10-07,11716.809368099215,11214.472478276923
2025-10-08,11808.804452467262,11254.595989801155
2025-10-09,11758.254046426442,11232.003692404416
2025-10-10,11383.973883474862,11067.408610115388
2025-10-13,11712.07548489531,11176.43046868129
2025-10-14,11636.600744947016,11174.825655318213
2025-10-15,11722.722080382044,11201.602429944453
2025-10-16,11624.375870002255,11172.626038368078
2025-10-17,11766.219289406266,11204.717596849023
2025-10-20,11910.590724869478,11280.624070055119
2025-10-21,11861.178202219746,11285.939250226953
2025-10-22,11794.469756990344,11250.734459695028
2025-10-23,11929.94282181633,11281.771992084621
2025-10-24,11813.96748612033,11343.116148597157
2025-10-27,12081.330845631184,11425.828221526419
2025-10-28,12183.52861075781,11446.472243548935
2025-10-29,12187.268884555375,11427.213916013945
2025-10-30,11897.57064001969,11343.85490469938
2025-10-31,12092.597180832641,11364.964812681168
2025-11-03,12225.784162414504,11372.502321982423
2025-11-04,11909.77465976508,11294.070662312513
2025-11-05,12114.231140461614,11304.783451460911
2025-11-06,11893.337560140124,11249.70891164286
2025-11-07,11722.738277857217,11253.934830794016
2025-11-10,11976.042076451793,11358.089348025595
2025-11-11,11933.048185413198,11386.529302844303
2025-11-12,11837.332920900713,11388.49794517814
2025-11-13,11429.04933602456,11261.654998837985
2025-11-14,11452.46196733913,11253.877409954666
2025-11-17,11457.104687407522,11193.397389979418
2025-11-18,11329.19472418785,11140.620438005635
2025-11-19,11379.1032692347,11164.64267301634
2025-11-20,11204.841717589647,11069.155457860275
2025-11-21,11212.144463040324,11146.032699733465
2025-11-24,11595.36625786389,11252.243538144823
2025-11-25,11666.346030839493,11325.996864251376
2025-11-26,11784.302266234836,11377.753493286937
2025-11-28,11850.039021340286,11407.724585842447
2025-12-01,11818.376939982993,11358.662155191822
2025-12-02,11819.960247219316,11375.568561735754
2025-12-03,12033.714847968957,11405.938063707828
2025-12-04,12118.165941978095,11402.360368952743
2025-12-05,12131.28589628941,11409.829290256113
2025-12-08,11947.687122090627,11382.496521310548
2025-12-09,12002.564943910465,11373.53034468539
2025-12-10,12111.416218873474,11432.307232157693
2025-12-11,12075.116429504147,11448.268649324302
2025-12-12,12141.488228388404,11360.230216052289
2025-12-15,12308.411046476273,11355.45654602641
2025-12-16,12447.63492950317,11345.419986535559
2025-12-17,12155.540963275944,11269.293175362902
2025-12-18,12368.304703318734,11329.91673749873
2025-12-19,12393.738230759685,11384.806673936488
2025-12-22,12505.508657177887,11426.131694331041
2025-12-23,12498.47991903083,11456.847173794049
2025-12-24,12521.127281351559,11492.17429923649
2025-12-26,12415.157536515917,11491.475048705888
2025-12-29,12235.451687137322,11473.718955068003
2025-12-30,12172.463131724027,11463.459509012346
2025-12-31,12076.4498800776,11400.153194838998
